/*This is the dbDML.sql file, Team-12 ,Members:-1)Pranav Medhi(Student ID:-1001756326) 2)Dhaval Wagela(Student ID:-1001769786)*/
/* This file will contains all the sql statement related to inserting data into the tables*/
 
/* This file contains MySQL queries. */


/* 1. User */
insert into USER (SSN, Account_Id, FName, LName, Contact_no) values (100000000, '12345JW6789', 'John', 'Wright', 6211200000);
insert into USER (SSN, Account_Id, FName, LName, Contact_no) values (100000001, '12345DL6789', 'David', 'Louis', 6211200001);
insert into USER (SSN, Account_Id, FName, LName, Contact_no) values (100000002, '12345RW6789', 'Ross', 'Williams', 6211200002);
insert into USER (SSN, Account_Id, FName, LName, Contact_no) values (100000003, '12345MW6789', 'Marshall', 'White', 6211200003);
insert into USER (SSN, Account_Id, FName, LName, Contact_no) values (100000004, '12345DG6789', 'David', 'Geller', 6211200004);
insert into USER (SSN, Account_Id, FName, LName, Contact_no) values (100000005, '12345HE6789', 'Harvey', 'Erickson', 6211200005);
insert into USER (SSN, Account_Id, FName, LName, Contact_no) values (100000006, '12345JL6789', 'Jack', 'Lynn', 6211200006);
insert into USER (SSN, Account_Id, FName, LName, Contact_no) values (100000007, '12345CR6789', 'Chris', 'Robinson', 6211200007);
insert into USER (SSN, Account_Id, FName, LName, Contact_no) values (100000008, '12345NW6789', 'Nick', 'Wayne', 6211200008);
insert into USER (SSN, Account_Id, FName, LName, Contact_no) values (100000009, '12345JB6789', 'Joseph', 'Bishop', 6211200009);
insert into USER (SSN, Account_Id, FName, LName, Contact_no) values (100000010, '12345BB6789', 'Ben', 'Bush', 6211200010);
insert into USER (SSN, Account_Id, FName, LName, Contact_no) values (100000011, '12345RJ6789', 'Ray', 'Johnson', 6211200011);
insert into USER (SSN, Account_Id, FName, LName, Contact_no) values (100000012, '12345JBN678', 'Jack', 'Bracken', 6211200012);
insert into USER (SSN, Account_Id, FName, LName, Contact_no) values (100000013, '12345LB6789', 'Laura', 'Bishop', 6211200013);
insert into USER (SSN, Account_Id, FName, LName, Contact_no) values (100000014, '12345ML6789', 'Martha', 'Lee', 6211200014);
insert into USER (SSN, Account_Id, FName, LName, Contact_no) values (100000015, '12345RA6789', 'Robin', 'Auldrin', 6211200015);
insert into USER (SSN, Account_Id, FName, LName, Contact_no) values (100000016, '12345LS6789', 'Luke', 'Stokes', 6211200016);
insert into USER (SSN, Account_Id, FName, LName, Contact_no) values (100000017, '12345BH6789', 'Bruce', 'Hardman', 6211200017);
insert into USER (SSN, Account_Id, FName, LName, Contact_no) values (100000018, '12345NP6789', 'Neil', 'Paulson', 6211200018);
insert into USER (SSN, Account_Id, FName, LName, Contact_no) values (100000019, '12345RG6789', 'Rachel', 'Grey', 6211200019);

insert into USER (SSN, Account_Id, FName, LName, Contact_no) values (100000020, '11345CJ6789', 'Collin', 'Jones', 6211200020);
insert into USER (SSN, Account_Id, FName, LName, Contact_no) values (100000021, '11355MB6789', 'Mark', 'Bishop', 6211200021);
insert into USER (SSN, Account_Id, FName, LName, Contact_no) values (100000022, '11365MS6789', 'Mike', 'Smith', 6211200022);
insert into USER (SSN, Account_Id, FName, LName, Contact_no) values (100000023, '11375CG6789', 'Cameron', 'Geller', 6211200023);
insert into USER (SSN, Account_Id, FName, LName, Contact_no) values (100000024, '11385DM6789', 'Drake', 'Morgan', 6211200024);
insert into USER (SSN, Account_Id, FName, LName, Contact_no) values (100000025, '11395DM6789', 'Doug', 'Miller', 6211200025);
insert into USER (SSN, Account_Id, FName, LName, Contact_no) values (100000026, '12105CS6789', 'Chester', 'Smith', 6211200026);
insert into USER (SSN, Account_Id, FName, LName, Contact_no) values (100000027, '12115ES6789', 'Emily', 'Scott', 6211200027);
insert into USER (SSN, Account_Id, FName, LName, Contact_no) values (100000028, '12125FL6789', 'Floyd', 'Lewis', 6211200028);
insert into USER (SSN, Account_Id, FName, LName, Contact_no) values (100000029, '12135NL6789', 'Nick', 'Lyon', 6211200029);
insert into USER (SSN, Account_Id, FName, LName, Contact_no) values (100000030, '12145FH6789', 'Freeman', 'Hughes', 6211200030);

insert into USER (SSN, Account_Id, FName, LName, Contact_no) values (100000031, '12155HS6789', 'Harry', 'Stewart', 6211200031);
insert into USER (SSN, Account_Id, FName, LName, Contact_no) values (100000032, '12165CM6789', 'Christian', 'Miller', 6211200032);
insert into USER (SSN, Account_Id, FName, LName, Contact_no) values (100000033, '12175JP6789', 'Jarred', 'Parker', 6211200033);
insert into USER (SSN, Account_Id, FName, LName, Contact_no) values (100000034, '12185JT6789', 'Jason', 'Turner', 6211200034);
insert into USER (SSN, Account_Id, FName, LName, Contact_no) values (100000035, '12195MB6789', 'Mitchel', 'Brown', 6211200035);
insert into USER (SSN, Account_Id, FName, LName, Contact_no) values (100000036, '12205JG6789', 'Jerry', 'George', 6211200036);
insert into USER (SSN, Account_Id, FName, LName, Contact_no) values (100000037, '12215JP6789', 'Johnny', 'Pearson', 6211200037);
insert into USER (SSN, Account_Id, FName, LName, Contact_no) values (100000038, '12225KL6789', 'Kenny', 'Lee', 6211200038);
insert into USER (SSN, Account_Id, FName, LName, Contact_no) values (100000039, '12235JW6789', 'John', 'Williams', 6211200039);
insert into USER (SSN, Account_Id, FName, LName, Contact_no) values (100000040, '12245CE6789', 'Chris', 'Edwards', 6211200040);
insert into USER (SSN, Account_Id, FName, LName, Contact_no) values (100000041, '12255CL6789', 'Charlie', 'Lynn', 6211200041);
insert into USER (SSN, Account_Id, FName, LName, Contact_no) values (100000042, '12265BW6789', 'Burt', 'Walker', 6211200042);

insert into USER (SSN, Account_Id, FName, LName, Contact_no) values (100000043, '12275HS6789', 'Collin', 'Stewart', 6211200043);
insert into USER (SSN, Account_Id, FName, LName, Contact_no) values (100000044, '12285CM6789', 'Mark', 'Miller', 6211200044);
insert into USER (SSN, Account_Id, FName, LName, Contact_no) values (100000045, '12295JP6789', 'Mike', 'Parker', 6211200045);
insert into USER (SSN, Account_Id, FName, LName, Contact_no) values (100000046, '12305JT6789', 'Cameron', 'Turner', 6211200046);
insert into USER (SSN, Account_Id, FName, LName, Contact_no) values (100000047, '12315MB6789', 'Drake', 'Brown', 6211200047);
insert into USER (SSN, Account_Id, FName, LName, Contact_no) values (100000048, '12325JG6789', 'Doug', 'George', 6211200048);
insert into USER (SSN, Account_Id, FName, LName, Contact_no) values (100000049, '12335JP6789', 'Chester', 'Pearson', 6211200049);
insert into USER (SSN, Account_Id, FName, LName, Contact_no) values (100000050, '12345KL6789', 'Emily', 'Lee', 6211200050);
insert into USER (SSN, Account_Id, FName, LName, Contact_no) values (100000051, '12355JW6789', 'Floyd', 'Williams', 6211200051);
insert into USER (SSN, Account_Id, FName, LName, Contact_no) values (100000052, '12365CE6789', 'Nick', 'Edwards', 6211200052);
insert into USER (SSN, Account_Id, FName, LName, Contact_no) values (100000053, '12375CL6789', 'Freeman', 'Lynn', 6211200053);
insert into USER (SSN, Account_Id, FName, LName, Contact_no) values (100000054, '12385BW6789', 'Lucy', 'Walker', 6211200054);

insert into USER (SSN, Account_Id, FName, LName, Contact_no) values (100000055, '12395BW6789', 'Maria', 'Johnson', 6211200054);
insert into USER (SSN, Account_Id, FName, LName, Contact_no) values (100000056, '12405BW6789', 'Phill', 'Lynn', 6211200054);
insert into USER (SSN, Account_Id, FName, LName, Contact_no) values (100000057, '12415BW6789', 'Dwayne', 'Bravo', 6211200054);
insert into USER (SSN, Account_Id, FName, LName, Contact_no) values (100000058, '12425BW6789', 'Tes', 'Mate', 6211200054);

/* 2. Buyer */
insert into BUYER (BSSN, Account_Id, Available_Budget, No_of_Dependents) values (100000003, '12345MW6789', 90000, 2);
insert into BUYER (BSSN, Account_Id, Available_Budget, No_of_Dependents) values (100000004, '12345DG6789', 300000, 3);
insert into BUYER (BSSN, Account_Id, Available_Budget, No_of_Dependents) values (100000014, '12345ML6789', 150000, 1);
insert into BUYER (BSSN, Account_Id, Available_Budget, No_of_Dependents) values (100000019, '12345RG6789', 100000, 2);
insert into BUYER (BSSN, Account_Id, Available_Budget, No_of_Dependents) values (100000055, '12395BW6789', 100000, 0);
insert into BUYER (BSSN, Account_Id, Available_Budget, No_of_Dependents) values (100000056, '12405BW6789', 100000, 0);
insert into BUYER (BSSN, Account_Id, Available_Budget, No_of_Dependents) values (100000057, '12415BW6789', 100000, 0);
insert into BUYER (BSSN, Account_Id, Available_Budget, No_of_Dependents) values (100000058, '12425BW6789', 100000, 0);

/* 3. Apartments */
insert into APARTMENTS (Apt_Id, Area, Cost, No_of_Bedrooms, Floor_No, Street, City, Apt_No) values ('1000APT',1000, 60000, 1, 1, 'Sunflower Rd.', 'Arlington', 101);
insert into APARTMENTS (Apt_Id, Area, Cost, No_of_Bedrooms, Floor_No, Street, City, Apt_No) values ('1001APT',1200, 100000, 2, 2, '5982 Sit Ave', 'Dallas', 202);
insert into APARTMENTS (Apt_Id, Area, Cost, No_of_Bedrooms, Floor_No, Street, City, Apt_No) values ('1002APT',1000, 100000, 2, 1, '5543 Aliquet St.', 'Chicago', 104);
insert into APARTMENTS (Apt_Id, Area, Cost, No_of_Bedrooms, Floor_No, Street, City, Apt_No) values ('1003APT',2000, 250000, 4, 3, '4189 Nunc Road', 'San Jose', 301);
insert into APARTMENTS (Apt_Id, Area, Cost, No_of_Bedrooms, Floor_No, Street, City, Apt_No) values ('1004APT',1500, 90000, 2, 2, '6 E. University Lane', 'Seattle', 203);
insert into APARTMENTS (Apt_Id, Area, Cost, No_of_Bedrooms, Floor_No, Street, City, Apt_No) values ('1005APT',2000, 120000, 3, 1, '321 Acacia Lane', 'Dallas', 102);
insert into APARTMENTS (Apt_Id, Area, Cost, No_of_Bedrooms, Floor_No, Street, City, Apt_No) values ('1006APT',1000, 30000, 1, 3, '567 Beacon Lane', 'Arlington', 301);
insert into APARTMENTS (Apt_Id, Area, Cost, No_of_Bedrooms, Floor_No, Street, City, Apt_No) values ('1007APT',1000, 40000, 1, 1, '311 East Lake Lane', 'Missouri', 103);
insert into APARTMENTS (Apt_Id, Area, Cost, No_of_Bedrooms, Floor_No, Street, City, Apt_No) values ('1008APT',1800, 150000, 2, 3, '982 Redwood St.', 'San Franscisco', 302);
insert into APARTMENTS (Apt_Id, Area, Cost, No_of_Bedrooms, Floor_No, Street, City, Apt_No) values ('1009APT',2000, 100030, 3, 2, '214 Prairie Rd.', 'Arlington', 201);
insert into APARTMENTS (Apt_Id, Area, Cost, No_of_Bedrooms, Floor_No, Street, City, Apt_No) values ('1010APT',1200, 90000, 3, 2, '219 University Lane', 'Dallas', 202);
insert into APARTMENTS (Apt_Id, Area, Cost, No_of_Bedrooms, Floor_No, Street, City, Apt_No) values ('1011APT',1200, 100000, 3, 2, '542 Macy Lane', 'San Jose', 202);
insert into APARTMENTS (Apt_Id, Area, Cost, No_of_Bedrooms, Floor_No, Street, City, Apt_No) values ('1012APT',1200, 100000, 3, 2, '123 New Ave Lane', 'San Jose', 202);
insert into APARTMENTS (Apt_Id, Area, Cost, No_of_Bedrooms, Floor_No, Street, City, Apt_No) values ('1013APT',1200, 100000, 3, 2, '234 next fort', 'San Jose', 202);

/* 4. Seller */
insert into SELLER (SSSN, Account_Id, Max_Price, Min_Price, Fixed_Price, Rent_Cost, Apt_Id, Lease_Duration) values (100000007, '12345CR6789', 300000, 10000, NULL, 2000, '1003APT', 3);
insert into SELLER (SSSN, Account_Id, Max_Price, Min_Price, Fixed_Price, Rent_Cost, Apt_Id, Lease_Duration) values (100000008, '12345NW6789', NULL, NULL, 100000, 1500, '1002APT', 5);
insert into SELLER (SSSN, Account_Id, Max_Price, Min_Price, Fixed_Price, Rent_Cost, Apt_Id, Lease_Duration) values (100000002, '12345RW6789', 200000, 100000, NULL, 1600, '1008APT', 6);
insert into SELLER (SSSN, Account_Id, Max_Price, Min_Price, Fixed_Price, Rent_Cost, Apt_Id, Lease_Duration) values (100000005, '12345HE6789', NULL, NULL, 100000, 1500, '1001APT', 6);
insert into SELLER (SSSN, Account_Id, Max_Price, Min_Price, Fixed_Price, Rent_Cost, Apt_Id, Lease_Duration) values (100000006, '12345JL6789', NULL, NULL, 60000, 1000, '1000APT', 6);
insert into SELLER (SSSN, Account_Id, Max_Price, Min_Price, Fixed_Price, Rent_Cost, Apt_Id, Lease_Duration) values (100000009, '12345JB6789', NULL, NULL, 90000, 1200, '1004APT', 4);
insert into SELLER (SSSN, Account_Id, Max_Price, Min_Price, Fixed_Price, Rent_Cost, Apt_Id, Lease_Duration) values (100000010, '12345BB6789', NULL, NULL, 120000, 1800, '1005APT', 6);
insert into SELLER (SSSN, Account_Id, Max_Price, Min_Price, Fixed_Price, Rent_Cost, Apt_Id, Lease_Duration) values (100000011, '12345RJ6789', 100000, 20000, NULL, 800, '1006APT', 5);
insert into SELLER (SSSN, Account_Id, Max_Price, Min_Price, Fixed_Price, Rent_Cost, Apt_Id, Lease_Duration) values (100000012, '12345JBN678', NULL, NULL, 40000, 800, '1007APT', 3);
insert into SELLER (SSSN, Account_Id, Max_Price, Min_Price, Fixed_Price, Rent_Cost, Apt_Id, Lease_Duration) values (100000013, '12345LB6789', 200000, 100000, NULL, 1500, '1009APT', 4);

/* 5. Employee */
insert into EMPLOYEE (SSN, Employee_Id, FName, LName, Joining_Date, Email_Id, Sex, Date_Of_Birth) values (100000000,'100000', 'John', 'Wright', '1998-09-09', 'john.wright@example.com', 'M', '1977-09-22');
insert into EMPLOYEE (SSN, Employee_Id, FName, LName, Joining_Date, Email_Id, Sex, Date_Of_Birth) values (100000020,'100001', 'Collin', 'Jones', '1999-10-10', 'collin.jones@example.com', 'M', '1977-09-23');
insert into EMPLOYEE (SSN, Employee_Id, FName, LName, Joining_Date, Email_Id, Sex, Date_Of_Birth) values (100000021,'100002', 'Mark', 'Bishop', '1998-11-11', 'mark.bishop@example.com', 'M', '1977-09-24');
insert into EMPLOYEE (SSN, Employee_Id, FName, LName, Joining_Date, Email_Id, Sex, Date_Of_Birth) values (100000022,'100003', 'Mike', 'Smith', '1998-09-02', 'john@example.com','M', '1977-09-25');
insert into EMPLOYEE (SSN, Employee_Id, FName, LName, Joining_Date, Email_Id, Sex, Date_Of_Birth) values (100000023,'100004', 'Cameron', 'Geller', '1998-01-11', 'cameron.geller@example.com', 'M', '1977-09-26');
insert into EMPLOYEE (SSN, Employee_Id, FName, LName, Joining_Date, Email_Id, Sex, Date_Of_Birth) values (100000024,'100005', 'Drake', 'Morgan', '1998-09-09', 'drake.morgan@example.com','M', '1977-09-27');
insert into EMPLOYEE (SSN, Employee_Id, FName, LName, Joining_Date, Email_Id, Sex, Date_Of_Birth) values (100000025,'100006', 'Doug', 'Miller', '1997-09-09', 'doug.miller@example.com','M', '1977-09-28');
insert into EMPLOYEE (SSN, Employee_Id, FName, LName, Joining_Date, Email_Id, Sex, Date_Of_Birth) values (100000026,'100007', 'Chester', 'Smith', '1997-09-09', 'chester.smith@example.com','M', '1977-09-29');
insert into EMPLOYEE (SSN, Employee_Id, FName, LName, Joining_Date, Email_Id, Sex, Date_Of_Birth) values (100000027,'100008', 'Emily', 'Scott', '1997-09-09', 'emily.scott@example.com','F', '1977-09-30');
insert into EMPLOYEE (SSN, Employee_Id, FName, LName, Joining_Date, Email_Id, Sex, Date_Of_Birth) values (100000028,'100009', 'Floyd', 'Lewis', '1997-09-09', 'floyd.lewis@example.com','M', '1977-09-30');
insert into EMPLOYEE (SSN, Employee_Id, FName, LName, Joining_Date, Email_Id, Sex, Date_Of_Birth) values (100000029,'100010', 'Nick', 'Lyon', '1998-09-09', 'nick.lynn@example.com','M', '1977-09-15');
insert into EMPLOYEE (SSN, Employee_Id, FName, LName, Joining_Date, Email_Id, Sex, Date_Of_Birth) values (100000030,'100011', 'Freeman', 'Hughes', '1998-09-09', 'freeman.hughes@example.com','M', '1977-09-16');
insert into EMPLOYEE (SSN, Employee_Id, FName, LName, Joining_Date, Email_Id, Sex, Date_Of_Birth) values (100000031,'100012', 'Harry', 'Stewart', '2008-09-09', 'harry.stewart@example.com','M', '1987-09-16');
insert into EMPLOYEE (SSN, Employee_Id, FName, LName, Joining_Date, Email_Id, Sex, Date_Of_Birth) values (100000032,'100013', 'Christian', 'Miller', '1997-10-09', 'christian.miller@example.com','M', '1987-09-16');
insert into EMPLOYEE (SSN, Employee_Id, FName, LName, Joining_Date, Email_Id, Sex, Date_Of_Birth) values (100000033,'100014', 'Jarred', 'Parker', '1997-10-09', 'jarred.parker@example.com','M', '1987-01-11');
insert into EMPLOYEE (SSN, Employee_Id, FName, LName, Joining_Date, Email_Id, Sex, Date_Of_Birth) values (100000034,'100015', 'Jason', 'Turner', '2006-11-11', 'jason.turner@example.com','M', '1987-02-11');
insert into EMPLOYEE (SSN, Employee_Id, FName, LName, Joining_Date, Email_Id, Sex, Date_Of_Birth) values (100000035,'100016', 'Mitchel', 'Brown', '2008-01-11', 'mitchel.brown@example.com','M', '1987-03-12');
insert into EMPLOYEE (SSN, Employee_Id, FName, LName, Joining_Date, Email_Id, Sex, Date_Of_Birth) values (100000036,'100017', 'Jerry', 'George', '2007-02-12', 'jerry.george@example.com','M', '1987-04-13');
insert into EMPLOYEE (SSN, Employee_Id, FName, LName, Joining_Date, Email_Id, Sex, Date_Of_Birth) values (100000037,'100018', 'Johnny', 'Pearson', '2008-09-09', 'johnny.pearson@example.com','M', '1987-05-13');
insert into EMPLOYEE (SSN, Employee_Id, FName, LName, Joining_Date, Email_Id, Sex, Date_Of_Birth) values (100000038,'100019', 'Kenny', 'Lee', '2008-09-09', 'kenny.lee@example.com','M', '1987-06-13');
insert into EMPLOYEE (SSN, Employee_Id, FName, LName, Joining_Date, Email_Id, Sex, Date_Of_Birth) values (100000039,'100020', 'John', 'Williams', '2008-09-09', 'john.williams@example.com','M', '1987-07-13');
insert into EMPLOYEE (SSN, Employee_Id, FName, LName, Joining_Date, Email_Id, Sex, Date_Of_Birth) values (100000040,'100021', 'Chris', 'Edwards', '2008-09-09', 'chris.edwards@example.com','M', '1987-05-13');
insert into EMPLOYEE (SSN, Employee_Id, FName, LName, Joining_Date, Email_Id, Sex, Date_Of_Birth) values (100000041,'100022', 'Charlie', 'Lynn', '2008-09-09', 'charlie.lynn@example.com','M', '1987-09-13');
insert into EMPLOYEE (SSN, Employee_Id, FName, LName, Joining_Date, Email_Id, Sex, Date_Of_Birth) values (100000042,'100023', 'Burt', 'Walker', '2008-09-09', 'burt.walker@example.com','M', '1987-10-03');
insert into EMPLOYEE (SSN, Employee_Id, FName, LName, Joining_Date, Email_Id, Sex, Date_Of_Birth) values (100000043,'100024', 'Collin', 'Stewart', '2012-09-09', 'collin.stewart@example.com','M', '1982-01-03');
insert into EMPLOYEE (SSN, Employee_Id, FName, LName, Joining_Date, Email_Id, Sex, Date_Of_Birth) values (100000044,'100025', 'Mark', 'Miller', '2013-09-09', 'mark.miller@example.com','M', '1983-07-03');
insert into EMPLOYEE (SSN, Employee_Id, FName, LName, Joining_Date, Email_Id, Sex, Date_Of_Birth) values (100000045,'100026', 'Mike', 'Parker', '2011-09-09', 'mike.parker@example.com','M', '1984-12-03');
insert into EMPLOYEE (SSN, Employee_Id, FName, LName, Joining_Date, Email_Id, Sex, Date_Of_Birth) values (100000046,'100027', 'Cameron', 'Turner', '2015-09-09', 'cameron.turner@example.com','M', '1985-10-03');
insert into EMPLOYEE (SSN, Employee_Id, FName, LName, Joining_Date, Email_Id, Sex, Date_Of_Birth) values (100000047,'100028', 'Drake', 'Brown', '2011-09-09', 'drake.brown@example.com','M', '1983-11-08');
insert into EMPLOYEE (SSN, Employee_Id, FName, LName, Joining_Date, Email_Id, Sex, Date_Of_Birth) values (100000048,'100029', 'Doug', 'George', '2008-09-09', 'doug.george@example.com','M', '1982-11-07');
insert into EMPLOYEE (SSN, Employee_Id, FName, LName, Joining_Date, Email_Id, Sex, Date_Of_Birth) values (100000049,'100030', 'Chester', 'Pearson', '2009-09-09', 'chester.pearson@example.com','M', '1981-11-03');
insert into EMPLOYEE (SSN, Employee_Id, FName, LName, Joining_Date, Email_Id, Sex, Date_Of_Birth) values (100000050,'100031', 'Emily', 'Lee', '2016-09-09', 'emily.lee@example.com','F', '1990-01-04');
insert into EMPLOYEE (SSN, Employee_Id, FName, LName, Joining_Date, Email_Id, Sex, Date_Of_Birth) values (100000051,'100032', 'Floyd', 'Williams', '2010-09-09', 'floyd.williams@example.com','M', '1988-01-03');
insert into EMPLOYEE (SSN, Employee_Id, FName, LName, Joining_Date, Email_Id, Sex, Date_Of_Birth) values (100000052,'100033', 'Nick', 'Edwards', '2008-09-09', 'nick.edwards@example.com','M', '1988-01-02');
insert into EMPLOYEE (SSN, Employee_Id, FName, LName, Joining_Date, Email_Id, Sex, Date_Of_Birth) values (100000053,'100034', 'Freeman', 'Lynn', '2008-09-09', 'freeman.lynn@example.com','M', '1988-01-03');
insert into EMPLOYEE (SSN, Employee_Id, FName, LName, Joining_Date, Email_Id, Sex, Date_Of_Birth) values (100000054,'100035', 'Lucy', 'Walker', '2008-09-09', 'lucy.walker@example.com','F', '1988-01-02');
insert into EMPLOYEE (SSN, Employee_Id, FName, LName, Joining_Date, Email_Id, Sex, Date_Of_Birth) values (100000017, '100036', 'Bruce', 'Hardman', '2001-08-03', 'bruce.hardman@example.com', 'M', '1977-02-03');
insert into EMPLOYEE (SSN, Employee_Id, FName, LName, Joining_Date, Email_Id, Sex, Date_Of_Birth) values (100000018, '100037', 'Neil', 'Paulson', '2001-08-03', 'neil.paulson@example.com', 'M', '1977-02-03');
insert into EMPLOYEE (SSN, Employee_Id, FName, LName, Joining_Date, Email_Id, Sex, Date_Of_Birth) values (100000016,'100038', 'Luke', 'Stokes', '2008-09-09', 'luke.stokes@example.com','M', '1982-11-07');
insert into EMPLOYEE (SSN, Employee_Id, FName, LName, Joining_Date, Email_Id, Sex, Date_Of_Birth) values (100000015,'100039', 'Robin', 'Auldrin', '2010-09-09', 'robin.auldrin@example.com','F', '1988-01-03');

/* 6. Contacts */

insert into CONTACTS (SSN, BSSN, Employee_Id, Account_Id) values (100000043, 100000003, '100024', '12345MW6789');
insert into CONTACTS (SSN, BSSN, Employee_Id, Account_Id) values (100000047, 100000004, '100028', '12345DG6789');
insert into CONTACTS (SSN, BSSN, Employee_Id, Account_Id) values (100000044, 100000014, '100025', '12345ML6789');
insert into CONTACTS (SSN, BSSN, Employee_Id, Account_Id) values (100000043, 100000019, '100024', '12345RG6789');
insert into CONTACTS (SSN, BSSN, Employee_Id, Account_Id) values (100000043, 100000055, '100024', '12395BW6789');
insert into CONTACTS (SSN, BSSN, Employee_Id, Account_Id) values (100000043, 100000056, '100024', '12405BW6789');
insert into CONTACTS (SSN, BSSN, Employee_Id, Account_Id) values (100000043, 100000057, '100024', '12415BW6789');
insert into CONTACTS (SSN, BSSN, Employee_Id, Account_Id) values (100000043, 100000058, '100024', '12425BW6789');


/* 7. Agent */
insert into AGENT (SSN, Employee_Id, Years_of_Experience, No_of_Sales, Alloted_Sellers) values (100000043, '100024', 7, 50, 2);
insert into AGENT (SSN, Employee_Id, Years_of_Experience, No_of_Sales, Alloted_Sellers) values (100000044, '100025', 6, 30, 1);
insert into AGENT (SSN, Employee_Id, Years_of_Experience, No_of_Sales, Alloted_Sellers) values (100000045, '100026', 8, 52, 1);
insert into AGENT (SSN, Employee_Id, Years_of_Experience, No_of_Sales, Alloted_Sellers) values (100000046, '100027', 4, 26, 1);
insert into AGENT (SSN, Employee_Id, Years_of_Experience, No_of_Sales, Alloted_Sellers) values (100000047, '100028', 8, 32, 1);
insert into AGENT (SSN, Employee_Id, Years_of_Experience, No_of_Sales, Alloted_Sellers) values (100000048, '100029', 11, 70, 1);
insert into AGENT (SSN, Employee_Id, Years_of_Experience, No_of_Sales, Alloted_Sellers) values (100000049, '100030', 10, 49, 2);
insert into AGENT (SSN, Employee_Id, Years_of_Experience, No_of_Sales, Alloted_Sellers) values (100000050, '100031', 3, 5, 1);
insert into AGENT (SSN, Employee_Id, Years_of_Experience, No_of_Sales, Alloted_Sellers) values (100000051, '100032', 9, 68, 1);

/* 8. Allotted */
insert into ALLOTTED (SSN, SSSN, Employee_Id, Account_Id) values (100000043, 100000007, '100024', '12345CR6789');
insert into ALLOTTED (SSN, SSSN, Employee_Id, Account_Id) values (100000043, 100000008, '100024', '12345NW6789');
insert into ALLOTTED (SSN, SSSN, Employee_Id, Account_Id) values (100000044, 100000002, '100025', '12345RW6789');
insert into ALLOTTED (SSN, SSSN, Employee_Id, Account_Id) values (100000045, 100000005, '100026', '12345HE6789');
insert into ALLOTTED (SSN, SSSN, Employee_Id, Account_Id) values (100000046, 100000006, '100027', '12345JL6789');
insert into ALLOTTED (SSN, SSSN, Employee_Id, Account_Id) values (100000047, 100000009, '100028', '12345JB6789');
insert into ALLOTTED (SSN, SSSN, Employee_Id, Account_Id) values (100000048, 100000010, '100029', '12345BB6789');
insert into ALLOTTED (SSN, SSSN, Employee_Id, Account_Id) values (100000049, 100000011, '100030', '12345RJ6789');
insert into ALLOTTED (SSN, SSSN, Employee_Id, Account_Id) values (100000050, 100000012, '100031', '12345JBN678');
insert into ALLOTTED (SSN, SSSN, Employee_Id, Account_Id) values (100000049, 100000013, '100030', '12345LB6789');

/* 9. Searches */
insert into SEARCHES (Apt_Id, BSSN, Account_Id) values ('1004APT', 100000003, '12345MW6789');
insert into SEARCHES (Apt_Id, BSSN, Account_Id) values ('1003APT', 100000004, '12345DG6789');
insert into SEARCHES (Apt_Id, BSSN, Account_Id) values ('1008APT', 100000014, '12345ML6789');
insert into SEARCHES (Apt_Id, BSSN, Account_Id) values ('1002APT', 100000019, '12345RG6789');
insert into SEARCHES (Apt_Id, BSSN, Account_Id) values ('1001APT', 100000019, '12345RG6789');
insert into SEARCHES (Apt_Id, BSSN, Account_Id) values ('1011APT', 100000055, '12395BW6789');
insert into SEARCHES (Apt_Id, BSSN, Account_Id) values ('1012APT', 100000056, '12405BW6789');
insert into SEARCHES (Apt_Id, BSSN, Account_Id) values ('1013APT', 100000057, '12415BW6789');

/* 10. Dependent */
insert into DEPENDENT (Relationship, Sex, BSSN, Account_Id) values ('Wife', 'F', 100000003, '12345MW6789');
insert into DEPENDENT (Relationship, Sex, BSSN, Account_Id) values ('Son', 'M', 100000003, '12345MW6789');
insert into DEPENDENT (Relationship, Sex, BSSN, Account_Id) values ('Wife', 'F', 100000004, '12345DG6789');
insert into DEPENDENT (Relationship, Sex, BSSN, Account_Id) values ('Son', 'M', 100000004, '12345DG6789');
insert into DEPENDENT (Relationship, Sex, BSSN, Account_Id) values ('Son', 'M', 100000004, '12345DG6789');
insert into DEPENDENT (Relationship, Sex, BSSN, Account_Id) values ('Wife', 'F', 100000014, '12345ML6789');
insert into DEPENDENT (Relationship, Sex, BSSN, Account_Id) values ('Wife', 'F', 100000019, '12345RG6789');
insert into DEPENDENT (Relationship, Sex, BSSN, Account_Id) values ('Daughter', 'F', 100000019, '12345RG6789');

/* 11. Facilities */
insert into FACILITIES (Apt_Id, Gym, Soft_Water, Pool, Parking) values ('1000APT','Y', 'Y', 'N', 'Y');
insert into FACILITIES (Apt_Id, Gym, Soft_Water, Pool, Parking) values ('1001APT','Y', 'Y', 'N', 'Y');
insert into FACILITIES (Apt_Id, Gym, Soft_Water, Pool, Parking) values ('1003APT','Y', 'Y', 'Y', 'Y');
insert into FACILITIES (Apt_Id, Gym, Soft_Water, Pool, Parking) values ('1004APT','Y', 'Y', 'Y', 'Y');
insert into FACILITIES (Apt_Id, Gym, Soft_Water, Pool, Parking) values ('1005APT','Y', 'Y', 'N', 'Y');
insert into FACILITIES (Apt_Id, Gym, Soft_Water, Pool, Parking) values ('1006APT','Y', 'N', 'N', 'N');
insert into FACILITIES (Apt_Id, Gym, Soft_Water, Pool, Parking) values ('1007APT','Y', 'N', 'N', 'Y');
insert into FACILITIES (Apt_Id, Gym, Soft_Water, Pool, Parking) values ('1008APT','Y', 'Y', 'Y', 'Y');
insert into FACILITIES (Apt_Id, Gym, Soft_Water, Pool, Parking) values ('1009APT','N', 'Y', 'N', 'Y');

/* 12. Nearby */
insert into NEARBY (Apt_Id, Places) values ('1009APT','GROCERY_STORE');
insert into NEARBY (Apt_Id, Places) values ('1009APT','PLAYGROUND');
insert into NEARBY (Apt_Id, Places) values ('1008APT','MUSEUM');
insert into NEARBY (Apt_Id, Places) values ('1008APT','PLAY_SCHOOL');
insert into NEARBY (Apt_Id, Places) values ('1008APT','GROCERY_STORE');
insert into NEARBY (Apt_Id, Places) values ('1007APT','GROCERY_STORE');
insert into NEARBY (Apt_Id, Places) values ('1007APT','PLAY_SCHOOL');
insert into NEARBY (Apt_Id, Places) values ('1007APT','PLAYGROUND');
insert into NEARBY (Apt_Id, Places) values ('1006APT','PLAY_SCHOOL');
insert into NEARBY (Apt_Id, Places) values ('1005APT','GROCERY_STORE');
insert into NEARBY (Apt_Id, Places) values ('1005APT','PLAYGROUND');
insert into NEARBY (Apt_Id, Places) values ('1004APT','PLAYGROUND');
insert into NEARBY (Apt_Id, Places) values ('1004APT','PLAY_SCHOOL');
insert into NEARBY (Apt_Id, Places) values ('1004APT','GROCERY_STORE');
insert into NEARBY (Apt_Id, Places) values ('1003APT','PLAYGROUND');
insert into NEARBY (Apt_Id, Places) values ('1003APT','MUSEUM');
insert into NEARBY (Apt_Id, Places) values ('1002APT','MUSEUM');
insert into NEARBY (Apt_Id, Places) values ('1002APT','PLAYGROUND');
insert into NEARBY (Apt_Id, Places) values ('1001APT','PLAYGROUND');
insert into NEARBY (Apt_Id, Places) values ('1001APT','GROCERY_STORE');
insert into NEARBY (Apt_Id, Places) values ('1010APT','PLAY_SCHOOL');

/* 13. Interiors */
insert into INTERIORS (Apt_Id, Architecture_type, Floor_plan, Air_Conditioning, Ceiling_height) values ('1001APT','Japanese', 'B2', 'Y', 8);
insert into INTERIORS (Apt_Id, Architecture_type, Floor_plan, Air_Conditioning, Ceiling_height) values ('1002APT','French', 'B1', 'Y', 9);
insert into INTERIORS (Apt_Id, Architecture_type, Floor_plan, Air_Conditioning, Ceiling_height) values ('1003APT','Japanese', 'B2', 'Y', 11);
insert into INTERIORS (Apt_Id, Architecture_type, Floor_plan, Air_Conditioning, Ceiling_height) values ('1004APT','French', 'B2', 'Y', 9);
insert into INTERIORS (Apt_Id, Architecture_type, Floor_plan, Air_Conditioning, Ceiling_height) values ('1005APT','Japanese', 'B2', 'Y', 8);
insert into INTERIORS (Apt_Id, Architecture_type, Floor_plan, Air_Conditioning, Ceiling_height) values ('1006APT','French', 'B2', 'Y', 7);
insert into INTERIORS (Apt_Id, Architecture_type, Floor_plan, Air_Conditioning, Ceiling_height) values ('1007APT','Japanese', 'B2', 'Y', 9);
insert into INTERIORS (Apt_Id, Architecture_type, Floor_plan, Air_Conditioning, Ceiling_height) values ('1008APT','French', 'B2', 'Y', 10);
insert into INTERIORS (Apt_Id, Architecture_type, Floor_plan, Air_Conditioning, Ceiling_height) values ('1009APT','Japanese', 'B2', 'N', 7);

/* 14. Branch */
insert into BRANCH (Branch_Id, Street, Contact_no, City, State) values ('1000','321 Acacia Lane', 6732899283, 'Dallas', 'Texas');
insert into BRANCH (Branch_Id, Street, Contact_no, City, State) values ('1001','4308 E Yacht Dr', 6732899212, 'Houston', 'Texas');
insert into BRANCH (Branch_Id, Street, Contact_no, City, State) values ('1002','218 N Cherry Ave', 6732899233, 'Seattle', 'Washington');
insert into BRANCH (Branch_Id, Street, Contact_no, City, State) values ('1003','2647 S Bollinger St', 6732893215, 'Arlington', 'Texas');
insert into BRANCH (Branch_Id, Street, Contact_no, City, State) values ('1004','732 Lamboil St', 6732321121, 'Brooklyn', 'New York');
insert into BRANCH (Branch_Id, Street, Contact_no, City, State) values ('1005','102 Windsor Dr', 6382228920, 'Manhatten', 'New York');
insert into BRANCH (Branch_Id, Street, Contact_no, City, State) values ('1006','625 Floyd St', 8337377281, 'Houston', 'Texas');
insert into BRANCH (Branch_Id, Street, Contact_no, City, State) values ('1007','846 Thurmond Rd', 6772211187, 'Austin', 'Texas');
insert into BRANCH (Branch_Id, Street, Contact_no, City, State) values ('1008','207 Monroe St', 8229100928, 'San Jose', 'California');
insert into BRANCH (Branch_Id, Street, Contact_no, City, State) values ('1009','39 View St W', 6730000012, 'Dallas', 'Texas');
insert into BRANCH (Branch_Id, Street, Contact_no, City, State) values ('1010','4817 E 12th St', 6722281990, 'San Francisco', 'California');
insert into BRANCH (Branch_Id, Street, Contact_no, City, State) values ('1011','2292 Summit Rd', 6822773889, 'Chicago', 'Illinois');

/* 15. Manager */
insert into MANAGER (Employee_Id, SSN) values ('100000', 100000000);
insert into MANAGER (Employee_Id, SSN) values ('100001', 100000020);
insert into MANAGER (Employee_Id, SSN) values ('100002', 100000021);
insert into MANAGER (Employee_Id, SSN) values ('100003', 100000022);
insert into MANAGER (Employee_Id, SSN) values ('100004', 100000023);
insert into MANAGER (Employee_Id, SSN) values ('100005', 100000024);
insert into MANAGER (Employee_Id, SSN) values ('100006', 100000025);
insert into MANAGER (Employee_Id, SSN) values ('100007', 100000026);
insert into MANAGER (Employee_Id, SSN) values ('100008', 100000027);
insert into MANAGER (Employee_Id, SSN) values ('100009', 100000028);
insert into MANAGER (Employee_Id, SSN) values ('100010', 100000029);
insert into MANAGER (Employee_Id, SSN) values ('100011', 100000030);

/* 16. Customer Service Officer */
insert into CUSTOMER_SERVICE_OFFICER (Employee_Id, SSN) values ('100012', 100000031);
insert into CUSTOMER_SERVICE_OFFICER (Employee_Id, SSN) values ('100013', 100000032);
insert into CUSTOMER_SERVICE_OFFICER (Employee_Id, SSN) values ('100014', 100000033);
insert into CUSTOMER_SERVICE_OFFICER (Employee_Id, SSN) values ('100015', 100000034);
insert into CUSTOMER_SERVICE_OFFICER (Employee_Id, SSN) values ('100016', 100000035);
insert into CUSTOMER_SERVICE_OFFICER (Employee_Id, SSN) values ('100017', 100000036);
insert into CUSTOMER_SERVICE_OFFICER (Employee_Id, SSN) values ('100018', 100000037);
insert into CUSTOMER_SERVICE_OFFICER (Employee_Id, SSN) values ('100019', 100000038);
insert into CUSTOMER_SERVICE_OFFICER (Employee_Id, SSN) values ('100020', 100000039);
insert into CUSTOMER_SERVICE_OFFICER (Employee_Id, SSN) values ('100021', 100000040);
insert into CUSTOMER_SERVICE_OFFICER (Employee_Id, SSN) values ('100022', 100000041);
insert into CUSTOMER_SERVICE_OFFICER (Employee_Id, SSN) values ('100023', 100000042);

/* 17. Works_at */
insert into WORKS_AT (Employee_Id, SSN, Hours, Branch_Id) values ('100000', 100000000, 8, '1000');
insert into WORKS_AT (Employee_Id, SSN, Hours, Branch_Id) values ('100001', 100000020, 9, '1001');
insert into WORKS_AT (Employee_Id, SSN, Hours, Branch_Id) values ('100002', 100000021, 8, '1002');
insert into WORKS_AT (Employee_Id, SSN, Hours, Branch_Id) values ('100003', 100000022, 8, '1003');
insert into WORKS_AT (Employee_Id, SSN, Hours, Branch_Id) values ('100004', 100000023, 8, '1004');
insert into WORKS_AT (Employee_Id, SSN, Hours, Branch_Id) values ('100005', 100000024, 8, '1005');
insert into WORKS_AT (Employee_Id, SSN, Hours, Branch_Id) values ('100006', 100000025, 9, '1006');
insert into WORKS_AT (Employee_Id, SSN, Hours, Branch_Id) values ('100007', 100000026, 8, '1007');
insert into WORKS_AT (Employee_Id, SSN, Hours, Branch_Id) values ('100008', 100000027, 8, '1008');
insert into WORKS_AT (Employee_Id, SSN, Hours, Branch_Id) values ('100009', 100000028, 8, '1009');
insert into WORKS_AT (Employee_Id, SSN, Hours, Branch_Id) values ('100010', 100000029, 8, '1004');
insert into WORKS_AT (Employee_Id, SSN, Hours, Branch_Id) values ('100011', 100000030, 8, '1002');
insert into WORKS_AT (Employee_Id, SSN, Hours, Branch_Id) values ('100036', 100000017, 8, '1002');
insert into WORKS_AT (Employee_Id, SSN, Hours, Branch_Id) values ('100037', 100000018, 8, '1002');
insert into WORKS_AT (Employee_Id, SSN, Hours, Branch_Id) values ('100038', 100000016, 8, '1000');
insert into WORKS_AT (Employee_Id, SSN, Hours, Branch_Id) values ('100039', 100000015, 8, '1004');


